iteration,time_sampling,stoc_pol_mean,stoc_pol_std,stoc_pol_max,stoc_pol_min,rollout_success,alpha,delta,time_vpg,time_npg,kl_dist,surr_improvement,running_score,success_rate,num_samples,time_VF,VF_error_before,VF_error_after,eval_score,eval_success
0,78.6418776512146,-28.93045966058032,5.133559522319767,-17.22486933736939,-41.32557435220216,0.0,207.43184929939608,0.05,0.04883623123168945,0.8156805038452148,0.025598876,0.02401171,-28.93045966058032,0.0,60000,3.800541400909424,1.0000646222218783,0.016534167603778717,-28.613774895980377,0.0
1,74.98516464233398,-28.93045966058032,5.133559522319767,-17.22486933736939,-41.32557435220216,0.0,207.43184929939608,0.05,0.04919314384460449,0.8359408378601074,0.025598876,0.02401171,-28.93045966058032,0.0,60000,3.5493111610412598,1.0000646222218783,0.016534167603778717,-28.613774895980377,0.0
2,74.87443494796753,-28.703433162064968,6.636231767930458,0.5236066146112672,-55.58092450374088,0.0,157.22755287822875,0.05,0.04300117492675781,0.7632341384887695,0.024021978,0.03035464,-28.907757010728783,0.0,60000,7.326784610748291,0.03746155621032433,0.02114240933031606,-28.307851429935383,0.0
3,74.65801191329956,-26.867497065623173,6.919714856302899,13.260955603848574,-44.66452854858955,0.0,146.23365969941372,0.05,0.04132485389709473,0.7210142612457275,0.025339805,0.032111183,-28.70373101621822,0.0,60000,6.612902879714966,0.05095303769934,0.03886596972727768,-28.522674519836055,0.0
4,75.12716841697693,-27.91325503149972,7.314951049364991,3.20927974858029,-43.083052968324466,0.0,174.980166092756,0.05,0.0388026237487793,0.7404506206512451,0.024937928,0.035908796,-28.62468341774637,0.0,60000,6.366841793060303,0.02888041813724532,0.02299586803787465,-24.051117790749057,0.0
5,75.69068503379822,-26.52132906017675,9.24504148232738,39.50905602418455,-42.83292910207197,0.0,171.35310474373676,0.05,0.041442155838012695,0.7591681480407715,0.02531812,0.031492457,-28.41434798198941,0.0,60000,6.32896876335144,0.12474901546102808,0.10129966434146435,-25.539490536795384,0.0
6,74.21124124526978,-26.521996601637753,9.056806674341818,26.265598454550133,-41.81180078853478,0.0,173.3325424649186,0.05,0.038933753967285156,0.7718329429626465,0.025518429,0.03191813,-28.225112843954243,0.0,60000,7.341872692108154,0.1023239244067177,0.08042418892244417,-21.513704294639627,0.0
7,73.5073595046997,-26.865849225219872,7.17030357287586,6.183847226902435,-45.22706458733894,0.0,125.76164735731946,0.05,0.03903460502624512,0.7141883373260498,0.03168343,0.008078215,-28.089186482080805,0.0,60000,6.234585762023926,0.0777062711491216,0.04567145104884838,-24.985707697775407,0.0
8,74.25204038619995,-25.53820372269198,12.220567619644319,59.55869187265718,-50.62530623249452,0.0,165.80177024317058,0.05,0.03954267501831055,0.8405160903930664,0.024996119,0.03424296,-27.83408820614192,0.0,60000,6.07138991355896,0.21578839660093,0.16611976614963156,-22.862701961656143,0.0
9,73.68581509590149,-26.159390692928486,10.006714979443334,42.0347938170519,-61.120855068117635,0.0,170.2465178069382,0.05,0.041692495346069336,0.8175785541534424,0.02509125,0.032519218,-27.66661845482058,0.0,60000,5.901419639587402,0.12224162184130567,0.09798529873120085,-25.6896716799723,0.0
10,73.60342216491699,-24.94268328184151,9.367719121472827,18.06438714733393,-49.71249792149297,0.0,187.5210014682377,0.05,0.04113340377807617,0.6797089576721191,0.025376018,0.028742844,-27.394224937522672,0.0,60000,7.389542102813721,0.12153337937091674,0.09730865356482106,-27.22057193299684,0.0
11,73.26809096336365,-26.031178580446948,10.903435164992459,36.692558147588265,-55.07461228923427,0.0,174.38739277903147,0.05,0.040094614028930664,0.7840850353240967,0.02520461,0.030882977,-27.2579203018151,0.0,60000,6.224215507507324,0.13025578775375898,0.09616453805132229,-27.24751548597749,0.0
12,73.9105863571167,-23.528440318559607,13.246640768979695,80.73962839526301,-41.41735688507541,0.0,169.15851001488178,0.05,0.04306197166442871,0.7593305110931396,0.02508611,0.032678366,-26.884972303489555,0.0,60000,6.148394584655762,0.29824403250564313,0.21489650413577238,-11.909076855612575,0.0
13,74.28104209899902,-23.185527212688566,12.818773297789711,54.13091283688268,-42.46496462177836,0.0,166.245111362703,0.05,0.04280543327331543,0.841606855392456,0.023295777,0.052859023,-26.515027794409455,0.0,60000,5.994309663772583,0.323990896889983,0.22749655851665831,-15.015799749170126,0.0
14,73.28490972518921,-23.986976819150055,16.706622954016385,82.56081355699533,-48.86570118912268,0.0,150.93561251184906,0.05,0.040946245193481445,0.8148281574249268,0.022749519,0.043163933,-26.262222696883516,0.0,60000,5.959692001342773,0.3614487230358365,0.252693600398165,-23.199478200267368,0.0
15,73.37550020217896,-22.69682363595969,14.928825562545969,51.414116450617364,-40.45911476965329,0.0,181.61002362817055,0.05,0.04315495491027832,0.8089067935943604,0.025077123,0.02956309,-25.905682790791133,0.0,60000,5.835210800170898,0.30237241542710097,0.22351989249784443,-14.457295307449492,0.0
16,73.29588603973389,-20.666705875756733,20.04729189641958,94.11907298015133,-43.12684024736379,0.0,181.17309996090418,0.05,0.0425868034362793,0.8405418395996094,0.025060074,0.02880424,-25.381785099287693,0.0,60000,6.654353857040405,0.4399558601980791,0.3219587886707755,-19.617359225416468,0.0
17,73.15510511398315,-24.236829365065187,15.40788784520746,67.13307141507784,-91.16260326082269,0.0,176.51876612609178,0.05,0.04827260971069336,0.8608906269073486,0.025162682,0.027985636,-25.267289525865444,0.0,60000,6.310068130493164,0.5187684693867367,0.29442752022129276,-12.676880790362256,0.0
18,72.84155297279358,-21.804978735571048,21.03014774223108,150.3082731269921,-50.113314987735905,0.0,176.65705545673305,0.05,0.04044961929321289,0.7711904048919678,0.025634432,0.031725705,-24.921058446836003,0.0,60000,5.812312126159668,0.47081972625583385,0.305444595275812,-17.636919712172624,0.0
19,73.50265312194824,-18.588598312387646,22.893812807955815,194.02241429609623,-41.59880849346292,0.0,186.5430621205323,0.05,0.04026174545288086,0.8068623542785645,0.025235495,0.028674856,-24.287812433391167,0.0,60000,6.007757186889648,0.49910911420163867,0.37615407948460966,-7.0535081015840175,0.0
20,73.38876056671143,-16.943186957193607,25.539751576423164,132.12620880993646,-45.52647500578262,0.0,182.511060912491,0.05,0.04258608818054199,0.8088912963867188,0.024829784,0.027938718,-23.55334988577141,0.0,60000,5.997437000274658,0.6104254246444253,0.43709047048250976,-0.8769080975271294,0.0
21,74.13448357582092,-18.29230415248091,23.569183625063715,85.01737528222546,-59.599335139602495,0.0,182.5124432455196,0.05,0.04383492469787598,0.8086137771606445,0.025106328,0.026865344,-23.02724531244236,0.0,60000,5.917638301849365,0.5335404913329572,0.3953620802334446,12.153072871895379,0.0
22,75.2104332447052,-14.031873331540694,28.7519278237457,173.1412770744915,-43.79719105874168,0.0,176.47545559226242,0.05,0.03847146034240723,0.8193118572235107,0.025311306,0.029127024,-22.127708114352195,0.0,60000,5.467613697052002,0.6586045811412672,0.44465322044946026,37.4773696578664,0.0
23,74.18361949920654,-13.943527917972965,28.555561657882986,187.8057743016255,-56.14232079309797,0.0,189.52699131439363,0.05,0.041571617126464844,0.7849476337432861,0.025024256,0.025789803,-21.30929009471427,0.0,60000,5.520771026611328,0.6107984943814961,0.43645541644714275,22.82659377625836,0.0
24,73.73021292686462,-15.274884988920757,25.056514849456978,88.77814580072692,-60.3709784660653,0.0,179.00351791332997,0.05,0.0440213680267334,0.7840061187744141,0.025365,0.02773203,-20.70584958413492,0.0,60000,6.282064199447632,0.5520537930778007,0.4268721722113005,9.845329114103398,0.0
25,74.47999882698059,-11.787608091883977,30.03114773894884,119.033550233744,-41.41595309874767,0.0,177.25098682088714,0.05,0.04103398323059082,0.7370181083679199,0.024949577,0.028304247,-19.814025434909826,0.0,60000,7.235989332199097,0.5626521449570485,0.4088681268426772,39.95013651171725,0.0
26,74.61174440383911,-11.402745446479825,32.98105101923075,186.99275175769208,-44.1742645276572,0.0,189.05757983643707,0.05,0.041702985763549805,0.836031436920166,0.025136722,0.02618949,-18.972897436066827,0.0,60000,6.0183656215667725,0.6524328919846811,0.4684480679689224,64.96342813552283,0.0
27,73.68666553497314,-10.505687288259905,29.008709460058057,93.52164841459309,-42.326079165785536,0.0,179.09086150299586,0.05,0.041968584060668945,0.7813715934753418,0.02547127,0.02779874,-18.126176421286136,0.0,60000,6.684143543243408,0.6451538998945681,0.4473563901691926,47.77825893736563,0.0
28,73.78316879272461,-5.206016632629225,36.907450344326456,193.00481631200677,-51.383339268270134,0.0,190.4989211778043,0.05,0.03197026252746582,0.7502009868621826,0.02518894,0.026572123,-16.834160442420444,0.0,60000,5.853714942932129,0.6045380940542499,0.4588468141289665,50.90570732521292,0.0
29,74.27726292610168,-7.016895205838653,37.59755618168565,180.63886075524118,-45.48040166120276,0.0,182.46624196466618,0.05,0.041924238204956055,0.7827250957489014,0.024721028,0.027772143,-15.852433918762266,0.0,60000,5.888547897338867,0.6357015062951615,0.4689717147149386,49.5958297855582,0.0
30,74.31045031547546,74.16361765475693,1032.7906941558547,14632.021135506446,-51.8657285786961,0.5,155.14743162820153,0.05,0.040685415267944336,0.8233497142791748,0.02474078,0.046492055,-6.850828761410346,0.5,60000,5.764555215835571,0.9978354114921185,0.9216270516924334,35.690819498229814,0.0
31,73.40464282035828,-4.4800756177952925,34.33276361374564,198.31391595578896,-42.70529493445125,0.0,170.45495505071702,0.05,0.03952836990356445,0.768115758895874,0.025273979,0.028626358,-6.613753447048841,0.0,60000,6.289717197418213,14.286261254462495,0.8721078059922485,44.22678712436916,0.0
32,73.57897710800171,-6.908596596154229,42.18943850331603,197.71604513982896,-74.4886718640945,0.0,175.91570644227895,0.05,0.04308938980102539,0.7964763641357422,0.02506924,0.028478406,-6.64323776195938,0.0,60000,7.340842247009277,0.9364579577923444,0.6716668557872345,28.852030456066704,0.0
33,74.42001843452454,71.67027902929553,1022.718203677869,14486.842976422053,-58.26759279289838,0.5,178.7823807292833,0.05,0.04040098190307617,0.8799896240234375,0.02611939,0.03170664,1.1881139171661115,0.5,60000,6.21460485458374,0.9995030167489416,0.9466996739093589,28.530423537068174,0.0
34,73.91991806030273,-6.291462510543308,36.21296510753924,164.24421537724123,-60.70625715601037,0.0,170.61021682153435,0.05,0.03753352165222168,0.7768747806549072,0.02489958,0.028547311,0.44015627439516947,0.0,60000,6.01096773147583,23.814236302227094,1.133886294970056,36.35238986481762,0.0
35,73.98998093605042,-9.021867510573683,29.7728989978558,116.58937257117783,-63.03920238751889,0.0,162.29272748633042,0.05,0.03938126564025879,0.7589552402496338,0.025272217,0.029693585,-0.5060461041017158,0.0,60000,7.315872430801392,1.7336403015784834,0.8264929168331165,45.513562847561104,0.0
36,74.23552703857422,-2.4798101546866995,35.56239336856242,117.3744750562508,-43.5137485269249,0.0,175.3399251390904,0.05,0.039150238037109375,0.790010929107666,0.024997452,0.028654234,-0.7034225091602142,0.0,60000,7.623374938964844,0.9123213593765032,0.7591932779054227,52.017965986789484,0.0
37,74.14267635345459,-7.164775924233746,32.39329643822538,160.06016794541077,-60.6696095052176,0.0,171.14408909872384,0.05,0.03842306137084961,0.8429019451141357,0.024924725,0.030294962,-1.3495578506675674,0.0,60000,7.662492036819458,0.9729538683945288,0.8140968303103812,38.4522855249688,0.0
38,75.65072059631348,5.748486088133626,47.97160802120114,201.8619762390475,-43.694436083978744,0.0,177.85615546259433,0.05,0.04134631156921387,0.8460688591003418,0.025337044,0.02881778,-0.6397534567874481,0.0,60000,6.243180513381958,0.7552289393233129,0.6400943764480912,38.597794409556585,0.0
39,75.56376767158508,3.747490371748418,46.46563616117041,188.00839598492536,-65.58170782626067,0.0,178.65979315764937,0.05,0.04279899597167969,0.8527836799621582,0.02495597,0.028720528,-0.20102907393386155,0.0,60000,6.873589515686035,0.8234535710773297,0.6030943000449338,37.1114420793371,0.0
40,74.09527921676636,-0.05123011549116498,41.52252259687623,201.15088666811948,-43.181748777440085,0.0,181.58967958612286,0.05,0.03935718536376953,0.7878804206848145,0.025134884,0.028064007,-0.18604917808959187,0.0,60000,5.92243218421936,0.7643900885831344,0.75166723827451,33.0474658217975,0.0
41,74.29830837249756,5.130943278908206,46.702789510337425,196.9092359989112,-43.47369432707827,0.0,169.56817663688273,0.05,0.03913116455078125,0.7601995468139648,0.023544727,0.027519185,0.34565006761018796,0.0,60000,6.180459260940552,0.7704761515532631,0.5504010016801065,54.60377874805904,0.0
42,74.46234917640686,4.950444503338409,42.91106037865545,213.97795142258988,-66.47007472377024,0.0,180.62567618070483,0.05,0.03658318519592285,0.6861858367919922,0.024776233,0.027714768,0.80612951118301,0.0,60000,6.103848934173584,0.7270591353669138,0.5640151234425476,26.88412872151571,0.0
43,73.6424024105072,0.3793949139758411,38.54595497467467,161.51010325482645,-55.56292741040301,0.0,178.47392447358914,0.05,0.03235983848571777,0.7721238136291504,0.02506399,0.028280023,0.7634560514622931,0.0,60000,6.5780112743377686,0.7223719726872849,0.6853241351927926,28.30073011225042,0.0
44,74.4357237815857,5.225501887995603,44.14519923379551,140.95575211856766,-53.12918552579496,0.0,179.87050341432894,0.05,0.04139590263366699,0.772258996963501,0.02475834,0.027940571,1.209660635115624,0.0,60000,6.077142238616943,0.7416796860935969,0.5629869799270363,39.79340956218521,0.0
45,75.39153790473938,14.205773913913822,47.703663425004386,219.16994713977718,-66.45511650827936,0.0,185.03506934592264,0.05,0.0405268669128418,0.7861154079437256,0.025109457,0.027181352,2.509271962995444,0.0,60000,7.3689374923706055,0.6355457649092712,0.5181512715239263,45.6987890217489,0.0
46,74.35130047798157,10.859271068665912,50.0180967194622,226.67136006737383,-65.89211117221804,0.0,178.41267380353227,0.05,0.03832364082336426,0.7841880321502686,0.025258152,0.02811334,3.344271873562491,0.0,60000,6.28275728225708,0.6537864189723412,0.5585192121549964,78.32970831225522,0.0
47,74.82324194908142,15.392989825869204,54.280650641400996,219.32639158675286,-50.46259483860336,0.0,177.85999326132307,0.05,0.03883004188537598,0.7722926139831543,0.024949607,0.027966045,4.549143668793162,0.0,60000,6.017788410186768,0.6122271647478329,0.47439013354939674,878.3089286861422,4.0
48,75.00240683555603,16.619594163152737,51.12964215654223,191.44033420791877,-66.70039029510025,0.0,182.84351590191596,0.05,0.03722381591796875,0.7709574699401855,0.024983607,0.02777059,5.7561887182291205,0.0,60000,5.895215272903442,0.5575132330590639,0.4738351239452858,123.9805851840958,0.0
49,76.21837997436523,26.080123295925095,138.77409317800664,1849.1037658902935,-67.33156396441412,0.0,222.45352695631934,0.05,0.037017107009887695,0.7513961791992188,0.025385568,0.031105185,7.788582175998718,0.0,60000,5.671737432479858,0.9490734211554014,0.8799483997672687,74.00796490358265,0.0
50,75.50145959854126,20.589046422931943,56.718008499378755,199.2501622957775,-69.67286950822592,0.0,179.53436046797447,0.05,0.03935098648071289,0.7412526607513428,0.024996843,0.027924286,9.06862860069204,0.0,60000,5.558570384979248,0.8144781437137335,0.44329455272646373,125.7411477871386,0.0
51,75.96388554573059,72.65734092125217,689.8607766831188,9766.75619762539,-66.34657909399479,0.5,182.44150792585432,0.05,0.04161381721496582,0.7681598663330078,0.025703652,0.03689709,15.427499832748055,0.5,60000,5.643190383911133,0.9972714159796704,0.9153124702158095,111.71805664935039,0.0
52,75.58579730987549,20.74416777585683,56.94827310625228,238.85199916592848,-60.652987582345965,0.0,171.75894249432545,0.05,0.03993797302246094,0.7943108081817627,0.02463862,0.02839059,15.959166627058934,0.0,60000,5.824241399765015,8.050861926926807,0.6108620771009294,129.50930497878585,0.0
53,75.83572244644165,24.05764591048709,53.26439506410125,213.4722211494429,-58.19770528382066,0.0,181.06319003209052,0.05,0.032553672790527344,0.6827921867370605,0.025335632,0.027876895,16.76901455540175,0.0,60000,5.829766750335693,0.7059346759966727,0.4834353087723959,133.11094534243665,0.0
54,76.05200338363647,26.316370320300486,55.929528611336515,218.8360983417856,-56.737160653417185,0.0,179.31490343462158,0.05,0.0413210391998291,0.8330893516540527,0.024941755,0.028050678,17.723750131891624,0.0,60000,6.052504062652588,0.5810325773309201,0.48559520631393527,133.50644635325204,0.0
55,76.80888676643372,32.70383363717942,65.82184337831697,236.51110494201077,-60.70149762844824,0.0,176.2685321507525,0.05,0.04011034965515137,0.7677087783813477,0.024907649,0.028688882,19.221758482420405,0.0,60000,6.147370338439941,0.5280476697796989,0.4383457227463871,123.98451835773632,0.0
56,77.13035440444946,131.99030537947158,1336.420175630144,18963.93512253882,-114.6108804283312,0.5,199.37367757337194,0.05,0.03599739074707031,0.7173538208007812,0.02576171,0.032931715,30.498613172125523,0.5,60000,6.2614586353302,0.9997745638807032,0.920142931339716,153.68213998787695,0.0
57,75.3884334564209,37.712058740012765,61.95940592093594,232.92501296481282,-106.09417519887961,0.0,170.8520653565593,0.05,0.039955854415893555,0.7770984172821045,0.024845527,0.028726704,31.219957728914245,0.0,60000,5.726403474807739,5.975666553665295,0.6100044728195367,140.47661952108785,0.0
58,75.88260245323181,33.41580608582135,58.41489745253321,228.3308676968583,-45.03089824695886,0.0,172.0677758368398,0.05,0.03670096397399902,0.6900906562805176,0.024916038,0.028795078,31.439542564604956,0.0,60000,7.0701000690460205,0.7952354108084649,0.5361532770690194,148.8723911322453,0.0
59,76.36170172691345,33.58748693900246,63.62090052843368,227.5745778517185,-76.01902696936044,0.0,172.6980325170545,0.05,0.04228997230529785,0.7717504501342773,0.024870923,0.02869439,31.654337002044706,0.0,60000,6.398640155792236,0.5964334625281515,0.4699978683673393,171.6023531133208,0.0
60,76.75109052658081,42.15179627969062,66.307768291194,225.31450446830232,-56.32629182070005,0.0,165.95236032690505,0.05,0.04445648193359375,0.8583436012268066,0.024989184,0.029627942,32.704082929809296,0.0,60000,6.083494424819946,0.5367185837463536,0.42332860856933624,195.09130638709564,0.0
61,78.6396131515503,59.72284190285043,75.4170339903148,225.9032344257121,-110.20419591323108,0.0,178.42358604177846,0.05,0.03972983360290527,0.803152322769165,0.0250724,0.028118612,35.40595882711341,0.0,60000,7.040316581726074,0.4693709287053512,0.3287497436779404,214.4555580714891,0.0
62,78.85052466392517,58.70589567875111,76.56009155605891,234.68256940448475,-69.324992094881,0.0,173.19638011733073,0.05,0.040667057037353516,0.7636034488677979,0.025019336,0.029150711,37.73595251227718,0.0,60000,5.910518646240234,0.3970374294180624,0.33109951530249987,216.31361095816558,0.0
63,79.51863193511963,60.88449639576094,78.31417896903511,236.2257139849876,-61.32172356971449,0.0,164.32214999339286,0.05,0.040428876876831055,0.7632851600646973,0.02516421,0.029919565,40.05080690062556,0.0,60000,6.321194410324097,0.3813825188293489,0.31302209476349707,204.9953304976812,0.0
64,79.3377788066864,64.3531320268187,77.53816427239218,228.14545898333162,-66.98514447446925,0.0,180.70015473735825,0.05,0.03449201583862305,0.6856377124786377,0.024981678,0.027689511,42.48103941324487,0.0,60000,5.672589540481567,0.34582505673911723,0.29008683337528113,218.99693430272404,0.0
65,80.6916663646698,69.87546847360633,79.80645711740712,233.4489375400463,-112.20986996213071,0.0,178.46858627078527,0.05,0.033969879150390625,0.6974127292633057,0.024804292,0.028052185,45.22048231928102,0.0,60000,5.699620723724365,0.3450868562720738,0.29258820040582556,221.42468767465766,0.0
66,81.16658973693848,79.45838345012689,79.861118051936,232.3205388746451,-54.41366180504513,0.0,178.49778420963705,0.05,0.034851789474487305,0.6845438480377197,0.024851236,0.027403658,48.644272432365604,0.0,60000,5.848127841949463,0.345858175585035,0.2686861099925918,203.1340967575629,0.0
67,81.11512732505798,137.95067104349778,659.3611227480153,8486.14691435589,-88.29325952838167,1.0,152.1539359141541,0.05,0.03251910209655762,0.6998841762542725,0.025470309,0.05217404,57.57491229347882,1.0,60000,5.937963008880615,0.9665130468519622,0.8912145511019559,209.6804275691425,0.0
68,81.95207381248474,194.2570896831157,1364.6732826999255,19204.17936022214,-51.98343889624382,1.0,158.95071302751361,0.05,0.03531694412231445,0.6961658000946045,0.025345149,0.03741551,71.24313003244251,1.0,60000,6.005987644195557,0.9747908858888312,0.8798997462949094,205.13893538183896,0.0
69,82.3990592956543,80.2293793274798,75.29184890981354,233.2366315706006,-99.96171781064389,0.0,164.07141938828633,0.05,0.03630328178405762,0.6905272006988525,0.02482325,0.029660933,72.14175496194623,0.0,60000,6.102826833724976,11.377284030158265,0.42082573256499334,209.972520679808,0.0
70,82.11986637115479,78.03984800582583,75.63766077485788,244.90639990138703,-86.68857719174441,0.0,160.58556983025298,0.05,0.0419461727142334,0.7826404571533203,0.025154656,0.030243617,72.73156426633419,0.0,60000,6.314979314804077,0.6571958730107584,0.3176000674295094,206.78946790532805,0.0
71,81.23407077789307,80.2229297973797,82.5134338548378,237.05254900484607,-70.72917159338922,0.0,163.74591111116632,0.05,0.04096627235412598,0.7547192573547363,0.024895357,0.03053345,73.48070081943874,0.0,60000,6.232215404510498,0.34522949471994285,0.2717160508572695,191.3320296593248,0.0
72,80.71132731437683,106.15493348972177,524.3127049854864,7428.598072910682,-90.80101072541,0.5,197.09204733100506,0.05,0.04249978065490723,0.7679643630981445,0.024060823,0.03102919,76.74812408646704,0.5,60000,6.067180871963501,0.9744523073767385,0.9061277919726745,193.7208335397697,0.0
73,81.35564398765564,106.09522105731456,393.23641611250065,5551.01326893861,-59.857655274176125,0.5,187.9375804910853,0.05,0.03477287292480469,0.6892595291137695,0.025085522,0.047885243,79.6828337835518,0.5,60000,5.7017834186553955,0.9330424554833903,0.9344794224106705,193.0491891466701,0.0
74,82.37301254272461,81.38500982462841,79.08853397774527,229.32154233880607,-75.1070768109415,0.0,172.19260764454867,0.05,0.03315591812133789,0.6924686431884766,0.024896497,0.029201997,79.85305138765946,0.0,60000,7.354687213897705,2.231128307935388,0.29500302920598664,197.03433453266246,0.0
75,82.54289197921753,92.35832223837224,79.12541631345425,240.4792996333159,-75.65040295206182,0.0,172.68611172366448,0.05,0.03783583641052246,0.8568010330200195,0.024749111,0.028957084,81.10357847273075,0.0,60000,6.116870164871216,0.3250835302372457,0.24997822105102022,196.13573719980155,0.0
76,82.0001130104065,88.75278327582117,75.99493066276534,234.92035755313205,-87.15569852875855,0.0,166.4653926694874,0.05,0.03879237174987793,0.7610814571380615,0.024973547,0.029528685,81.86849895303979,0.0,60000,6.08402681350708,0.31200764985990476,0.22984630764306394,209.75865607443157,0.0
77,82.94755363464355,177.25333500032525,1181.6165119217349,16810.099000399692,-54.007498258958435,0.5,138.06259476021765,0.05,0.03821969032287598,0.7596769332885742,0.025065511,0.042957928,91.40698255776834,0.5,60000,6.3997602462768555,0.9891527464192235,0.907698095545281,214.87300488029408,0.0
78,83.73791980743408,129.5756825217132,551.5746475164896,7826.434342650924,-56.434849953645845,0.5,172.08149230965643,0.05,0.036911725997924805,0.8396449089050293,0.0249494,0.03567064,95.22385255416285,0.5,60000,7.468998432159424,1.0691691827830494,0.8415093315846606,204.49453980725173,0.0
79,82.77835965156555,92.17255667065245,82.63516242634057,234.99050677925592,-93.49290836971142,0.0,160.4723698307871,0.05,0.03953814506530762,0.7951796054840088,0.025089057,0.029734828,94.91872296581181,0.0,60000,5.925817012786865,3.118821222033129,0.36010130744512575,208.70890983759674,0.0
80,80.91421747207642,75.28882064670123,80.35586879015973,235.2847337856885,-93.6260984229229,0.0,157.38672666834555,0.05,0.0391082763671875,0.7541418075561523,0.02527656,0.031530086,92.95573273390076,0.0,60000,6.175970792770386,0.6437103341527964,0.3625653838410768,210.66519138551612,0.0
81,83.35108685493469,102.20483226286018,78.7565108687217,235.9841649843298,-44.085603086853766,0.0,171.5557927505324,0.05,0.041436195373535156,0.774200439453125,0.024420235,0.027996125,93.8806426867967,0.0,60000,7.269300222396851,0.3394875116621224,0.24170159362923857,199.6284145781334,0.0
82,82.43808770179749,116.35337558260889,375.4859199404155,5301.469601826984,-73.6726919514384,0.5,160.87957556754702,0.05,0.038785457611083984,0.6954805850982666,0.025497045,0.04903955,96.12791597637792,0.5,60000,5.878384351730347,0.9333629939510886,0.7986280586756097,198.68520173586933,0.0
83,81.61713814735413,95.70070013879148,166.71251107490409,2141.511172403103,-51.9842885553628,0.0,191.6177926224864,0.05,0.0419309139251709,0.7678773403167725,0.024388272,0.027434653,96.08519439261927,0.0,60000,6.593173503875732,0.9895604504669536,0.7282724330308404,191.7623537076461,0.0
84,84.32615160942078,101.7656942504974,84.29309224100591,233.87021717957452,-57.48939675175162,0.0,164.1902197377419,0.05,0.04284167289733887,0.8367388248443604,0.024974324,0.030748596,96.6532443784071,0.0,60000,6.501876592636108,0.44678622666112316,0.2558835109784511,196.44468222917033,0.0
85,83.02549743652344,182.67536906426318,1279.8266960542999,18201.357213387037,-50.8799153903518,0.5,158.25367484635555,0.05,0.04136490821838379,0.8015005588531494,0.024563989,0.040877525,105.2554568469927,0.5,60000,6.915812015533447,0.9937955319846599,0.8823141100421946,205.58741338935826,0.0
86,83.58695793151855,158.7517928226271,880.79256895792,12389.274336905683,-117.0393073047544,0.5,175.14039817672605,0.05,0.04040956497192383,0.778083086013794,0.024698555,0.039232124,110.60509044455614,0.5,60000,6.441804647445679,0.9535845164841956,0.8713805401505731,207.09436476373918,0.0
87,83.74338841438293,169.2944106138921,1064.4538235756947,15140.31186900688,-70.03360449723901,0.5,157.45599369483534,0.05,0.04208803176879883,0.7853076457977295,0.024984872,0.038955014,116.47402246148974,0.5,60000,5.80643105506897,0.9741425278827793,0.8828978303475702,190.22814134392266,0.0
88,83.49268531799316,177.80005979920293,989.8884246578752,13673.712397270056,-54.067327895134554,1.0,207.19152052883825,0.05,0.04084920883178711,0.823479175567627,0.025175594,0.024785196,122.60662619526106,1.0,60000,7.261626482009888,0.9291602389395542,0.8349348336037686,194.0702556974248,0.0
89,82.10394883155823,148.36061696463076,834.159973639775,11868.63541919825,-80.27414619335434,0.5,191.539150164469,0.05,0.04304909706115723,0.8387603759765625,0.025212508,0.029800361,125.18202527219803,0.5,60000,7.5156331062316895,1.0450550023247016,0.8928926393815786,216.92415048040667,0.0
90,82.94357132911682,102.44582823485518,229.6939374455868,3129.4974968180286,-57.765793805074395,0.5,171.1281513235246,0.05,0.04174017906188965,0.8368208408355713,0.025235362,0.029963613,122.90840556846375,0.5,60000,6.34795069694519,1.463809437802405,0.834346959798228,212.69074329331414,0.0
91,81.08668804168701,225.52764081121109,1592.3613685992004,21568.158746117955,-64.368455482183,1.0,181.29824150801016,0.05,0.04079103469848633,0.7535712718963623,0.025206534,0.03438181,133.17032909273848,1.0,60000,5.98105788230896,0.9733990487434973,0.8333775837022821,181.46264334699515,0.0
92,82.59296226501465,205.4144225701652,1119.4914870190703,12894.95139373212,-60.24465923678285,1.5,189.82355870786984,0.05,0.042334794998168945,0.8101499080657959,0.025226286,0.028382653,140.39473844048115,1.5,60000,5.7059080600738525,0.970066376900928,0.8552540499845366,210.69882045172668,0.0
93,81.0985701084137,186.07922808719732,1211.3737140440699,16306.984499047936,-83.30917366396372,1.0,176.05282409226288,0.05,0.04218411445617676,0.8177456855773926,0.024939274,0.030634914,144.96318740515275,1.0,60000,5.550438404083252,1.0313346738465903,0.8846009068984603,202.18226032535964,0.0
94,81.8312087059021,147.48922069495464,994.7659119014205,14135.702312878035,-145.05370005933628,0.5,192.42331034864037,0.05,0.04027748107910156,0.7624421119689941,0.02529268,0.029802974,145.21579073413295,0.5,60000,5.502794504165649,0.9882486809773718,0.8591651654349566,203.26583339947814,0.0
95,82.5805172920227,85.01529790397598,72.93875222470014,235.8818989995401,-53.989876059836824,0.0,163.92954335363785,0.05,0.04067540168762207,0.7794473171234131,0.024981057,0.031641033,139.19574145111727,0.0,60000,5.5113725662231445,6.346555943390523,0.8843472021028168,191.2723725093573,0.0
96,81.63157987594604,242.1413794514786,1589.6649876813167,16043.615724255042,-94.40043445361646,1.0,176.44329179829822,0.05,0.038636207580566406,0.7775731086730957,0.025054256,0.035616912,149.49030525115342,1.0,60000,5.473267555236816,0.9751824497733073,0.823251466023138,204.98514935959952,0.0
97,84.97273015975952,143.4350250416937,768.3646615860574,10926.670934019146,-81.18092453117337,0.5,169.94918426884743,0.05,0.03959798812866211,0.7695784568786621,0.024791788,0.034765404,148.88477723020745,0.5,60000,5.2920451164245605,1.1120435206215384,0.7981341637507365,195.671428984033,0.0
98,83.41650795936584,83.23641725900266,82.24349874904671,233.03666277048478,-110.57461753304999,0.0,166.85475439392525,0.05,0.03923821449279785,0.6943442821502686,0.024828963,0.030239139,142.31994123308698,0.0,60000,5.303724050521851,8.063827922659003,0.9251325325494182,193.38660264195073,0.0
99,81.9649829864502,175.69237128637104,1107.7904902361379,14946.045233494515,-69.0078432775382,1.0,160.12905653614627,0.05,0.036661624908447266,0.6916775703430176,0.024406964,0.040306803,145.6571842384154,1.0,60000,5.239468574523926,0.9961444633497023,0.8125535904539172,198.09409187114736,0.0
100,83.7602527141571,121.6715287354028,565.1658705027106,8005.712909737049,-68.23818523551692,0.5,172.19646186326267,0.05,0.03934431076049805,0.7062270641326904,0.024761084,0.05234721,143.25861868811415,0.5,60000,5.490416526794434,1.1231952412984827,0.8589193540520481,209.92901544834638,0.0
101,87.38784646987915,86.30978094247195,79.85212210362712,238.28665625370465,-94.68525311727926,0.0,170.71709048028805,0.05,0.053377628326416016,0.887549877166748,0.024978446,0.027736843,86.30978094247195,0.0,60000,6.174151182174683,7.028592853416797,0.6665281547502608,190.82154369526725,0.0
102,85.94007229804993,233.0149474108783,1393.170846623613,14989.402113150532,-126.09187808130743,1.5,172.02970201604464,0.05,0.042763710021972656,0.9109454154968262,0.025378004,0.035978775,100.98029758931258,1.5,60000,5.843337059020996,0.9683602767320949,0.7672974695017332,199.89860340991606,0.0
103,85.07352662086487,162.63594819712156,1149.0248440829505,16338.369270302128,-85.02889982255381,0.5,166.0422183479303,0.05,0.0397038459777832,0.8015563488006592,0.025233008,0.032408487,107.14586265009348,0.5,60000,5.893453121185303,0.9640811238250839,0.7926523106156901,200.67533164046006,0.0
104,83.64811325073242,124.68555690561371,594.5391020378994,8436.452511545514,-116.95033557277297,0.5,190.7528455112923,0.05,0.04108572006225586,0.8157720565795898,0.024747362,0.02807194,108.8998320756455,0.5,60000,5.66483736038208,1.1314586277551109,0.8246458763134918,199.04995104545185,0.0
105,87.13490343093872,279.54336638040155,1687.0244065196082,17112.184140747937,-73.76318084016691,1.5,183.55354609740425,0.05,0.04063987731933594,0.7756462097167969,0.025113186,0.029555665,125.96418550612111,1.5,60000,6.447474718093872,0.9265579147653744,0.7554904139600187,211.47649582277455,0.0
106,88.65259552001953,130.60150768465735,720.7720126865917,10236.44816500928,-60.406338003111735,0.5,171.16406746457662,0.05,0.04981088638305664,0.8381314277648926,0.024637073,0.030019997,126.42791772397473,0.5,60000,6.347374677658081,1.344791702019532,0.781316006226344,192.30423420782333,0.0
107,86.83328580856323,85.27194586806492,78.0190270255329,238.0516501632851,-114.59262226733425,0.0,162.7265295937799,0.05,0.044387102127075195,0.814385175704956,0.024985539,0.029915394,122.31232053838374,0.0,60000,5.386702060699463,5.389177994847061,1.1631982966383154,203.4167330438935,0.0
108,86.40247941017151,159.73486810175825,1117.5371224170171,15819.670053880367,-68.40306851399357,0.5,163.917114408896,0.05,0.04380607604980469,0.8572080135345459,0.025104482,0.034837414,126.0545752947212,0.5,60000,5.448441028594971,0.9961717027834831,0.7932974274241686,201.75889731068418,0.0
109,85.930495262146,135.74665416073887,937.244446796453,13320.09971144329,-77.85834036914508,0.5,175.03229645207688,0.05,0.0423579216003418,0.8207535743713379,0.025376575,0.037223697,127.02378318132297,0.5,60000,6.2196431159973145,0.9727947799724949,0.742620674131723,185.60897691957808,0.0
110,90.44523596763611,252.43804819161414,1557.2358121679367,16305.755137380162,-89.60936116157795,1.5,165.62500796700783,0.05,0.04165148735046387,0.8692314624786377,0.025355168,0.037259307,139.5652096823521,1.5,60000,6.209482192993164,0.8488894177414618,0.7223807626130117,202.69773995527817,0.0
111,86.2210795879364,153.35028612181338,1163.7618069855664,16538.8225280097,-72.90051651093451,0.5,169.33958717708967,0.05,0.0440526008605957,0.7848236560821533,0.025073964,0.031019725,140.94371732629824,0.5,60000,5.992246389389038,1.082979674918437,0.7424578133933349,196.7495702944515,0.0
112,87.93403053283691,143.7042195691641,1073.093519024962,15244.284205213358,-66.73952728666148,0.5,153.89884843027383,0.05,0.043846845626831055,0.8015298843383789,0.024975048,0.040762644,141.21976755058483,0.5,60000,6.760607719421387,0.9398524479226632,0.7244807901765992,326.1115262309778,4.0
113,88.56185722351074,145.32693485225892,648.7052451483112,7759.678578391893,-59.321933533801065,1.0,186.90710288425095,0.05,0.040183305740356445,0.8930878639221191,0.025200427,0.027896238,141.63048428075223,1.0,60000,5.056529521942139,1.224999549253951,0.8941311290372894,188.689179139634,0.0
114,85.76773881912231,72.78010168752269,72.50524856994132,233.30433878037587,-75.60311345202231,0.0,166.14103284113347,0.05,0.04499697685241699,0.7587985992431641,0.02505478,0.029500222,134.74544602142927,0.0,60000,5.3469438552856445,9.115399530687629,1.1805878517339154,190.67442604200502,0.0
115,84.23295545578003,213.87049157372348,1321.0202480236464,15296.141205966907,-115.73454206841274,1.5,177.69677386716893,0.05,0.044263362884521484,0.7452700138092041,0.025679432,0.032644395,142.6579505766587,1.5,60000,6.477290391921997,0.9929629626929785,0.6755113175196408,195.70177056127343,0.0
116,82.7199022769928,335.67378055341413,1924.8702679837456,21509.25461768516,-100.85406981323446,2.5,157.67545834949976,0.05,0.0436704158782959,0.8239080905914307,0.022654388,0.033789307,161.95953357433424,2.5,60000,5.577258348464966,0.8210555259812703,0.5729369338051512,209.35800554140977,0.0
117,85.80649328231812,344.41258405281246,2017.773834746005,18333.463907906804,-72.24633528065914,2.5,174.07960795542542,0.05,0.041771888732910156,0.7292318344116211,0.024972375,0.029560164,180.20483862218208,2.5,60000,5.530576705932617,0.7178032732135406,0.5216276854036223,178.23836915615223,0.0
118,85.05822467803955,272.7574039952714,1715.7173173516433,18406.267273596008,-83.37301330987766,1.5,168.72845845093923,0.05,0.03992176055908203,0.7119560241699219,0.024197428,0.026319161,189.460095159491,1.5,60000,5.445205926895142,1.2345652599621946,0.7797805282093393,188.16074721508593,0.0
119,86.31278204917908,229.3168185136372,1424.0832280501422,18910.978427105772,-81.23467200809074,1.5,175.9273925342555,0.05,0.04591083526611328,0.7921872138977051,0.024753965,0.029350769,193.44576749490562,1.5,60000,5.606150150299072,0.8024812225721941,0.5976177002435454,195.1247330819844,0.0
120,85.73912262916565,202.98494512290316,1264.1496793646456,14829.728021552779,-74.68324378077467,1.0,175.93782409076854,0.05,0.04845714569091797,0.8213903903961182,0.025104739,0.030034073,194.39968525770539,1.0,60000,6.875767469406128,0.9699276247152335,0.7697598602846449,183.96461659550238,0.0
121,90.57721734046936,273.5793168813099,1533.2979427515913,15117.045231567754,-118.93391907068968,1.5,164.4493425591976,0.05,0.05874443054199219,0.896073579788208,0.02497904,0.033181,202.31764842006586,1.5,60000,6.24200963973999,0.8134756074456468,0.5922393942759917,192.07266505357265,0.0
122,89.41475558280945,328.78170285420055,1866.7214771606498,16730.453740990342,-87.69481126096755,2.0,164.28176531011695,0.05,0.04497361183166504,0.9157099723815918,0.02516099,0.034613248,214.96405386347934,2.0,60000,7.945592880249023,0.9396235845504324,0.6363787209784193,176.1360378749754,0.0
123,88.45279288291931,230.38563811233146,1408.4437654027743,16130.735280432009,-106.16151853715546,1.5,172.99484402542495,0.05,0.04599142074584961,0.8384106159210205,0.025232727,0.029420529,216.50621228836457,1.5,60000,6.00864052772522,0.9905199080000309,0.6288454587678564,174.41310494644688,0.0
124,86.37542986869812,263.38635860189186,1676.224597814588,16221.344762795148,-75.846347180269,1.5,164.26470569258785,0.05,0.04730653762817383,0.8705148696899414,0.024997909,0.03502268,221.1942269197173,1.5,60000,6.338437557220459,0.9169971837261947,0.6641860359915691,198.50258866232437,0.0
125,88.24155354499817,259.9792852417645,1528.2678977485944,15382.015409076987,-118.6414882360092,2.0,184.74169069460496,0.05,0.03949117660522461,0.8095808029174805,0.024948303,0.028029088,225.07273275192202,2.0,60000,5.4103827476501465,1.0266795465551208,0.6975348113831582,160.21071277972095,0.0
126,81.43712162971497,222.89612150633258,1428.5931490935877,15906.305237155204,-91.02139801472795,1.5,150.90993577157747,0.05,0.043628692626953125,0.8554644584655762,0.025420781,0.0328874,224.8550716273631,1.5,60000,5.1156628131866455,0.9533747430487955,0.5396429546808864,168.35358614279133,0.0
127,79.18802237510681,237.8767971836577,1713.9823216240984,17708.62300916088,-52.232045498306654,1.0,177.49175274102006,0.05,0.04535055160522461,0.896153450012207,0.024864346,0.030914066,226.15724418299257,1.0,60000,5.670282363891602,1.1227603099612458,0.6704837539471057,429.93077375612734,4.0
128,80.52692914009094,211.41348702963168,1432.7996871508813,18212.36426909016,-49.94519848910681,1.0,190.39712966607757,0.05,0.0483551025390625,0.9048218727111816,0.024839949,0.026790198,224.68286846765648,1.0,60000,5.789003133773804,0.9584616327725737,0.6695431513294415,172.98270170090132,0.0
129,80.85652446746826,432.4632092823867,2290.5183299437954,18170.90118129303,-118.26961217982543,3.0,184.0952242773611,0.05,0.04084634780883789,0.7816269397735596,0.025051637,0.029053805,245.46090254912951,3.0,60000,5.069361686706543,0.774416609979001,0.5755598127884025,158.66936333474692,0.0
130,80.87504458427429,321.0262010631471,1642.4859706213024,16334.958839908628,-96.17847261433614,3.0,170.5050651576216,0.05,0.04327583312988281,0.785872220993042,0.025058582,0.029864563,253.01743240053128,3.0,60000,5.480303525924683,0.845226353132752,0.58138738676706,164.33152360318846,0.0
131,81.55566930770874,311.55877575796376,1839.935044421097,16132.960139313624,-58.827203651602176,2.0,173.11068799122827,0.05,0.06271982192993164,0.898775577545166,0.024979956,0.03033962,258.87156673627453,2.0,60000,5.630283832550049,1.0019428495097416,0.6164108044288075,172.248207359332,0.0
132,80.88145422935486,373.47197232736863,2150.514498867892,19588.282699706724,-90.48380874078539,2.5,181.67650260823942,0.05,0.04154706001281738,1.0121161937713623,0.024818309,0.028435446,270.33160729538395,2.5,60000,6.517162084579468,0.8076407014023005,0.5731087395734299,169.05270748647982,0.0
133,81.0166289806366,467.7761125919375,2369.630961109995,17723.441522721543,-64.39125898482814,3.0,183.9400386754945,0.05,0.04560065269470215,0.802645206451416,0.024893206,0.027527567,290.0760578250393,3.0,60000,5.9772679805755615,0.7105683621541403,0.4811728885148955,148.399119371236,0.0
134,80.2812750339508,231.77400480848672,1618.8706869041355,17607.035985392675,-80.22999994494089,1.5,169.62440485673392,0.05,0.043837547302246094,0.7356557846069336,0.02502135,0.030796794,284.2458525233841,1.5,60000,4.974280118942261,1.1438768898500542,0.6537811149403591,182.5738673197761,0.0
135,82.8198812007904,283.43034889858075,1551.3664040583992,15693.936166886042,-107.4625920082246,2.5,172.26786974437115,0.05,0.04207253456115723,0.7730274200439453,0.025104238,0.029578635,284.16430216090373,2.5,60000,5.02980375289917,0.9653537846647413,0.6323340434681556,353.6277727425722,4.0
136,80.05723547935486,462.81145852414426,2250.778251745381,16731.333551872955,-57.41091272709265,4.0,172.445047320244,0.05,0.04255390167236328,0.7932651042938232,0.024720615,0.029786948,302.02901779722777,4.0,60000,5.7877702713012695,0.7896854024523703,0.5347210736918507,127.81251593305701,0.0
137,80.077627658844,550.399084757862,2486.6706858229554,15582.199070309754,-99.3692154229191,4.0,179.21119169166545,0.05,0.04068303108215332,0.8110542297363281,0.025065854,0.028135937,326.8660244932912,4.0,60000,6.322279453277588,0.8779764945528579,0.6330724225321579,482.7874054486828,4.0
138,82.56899571418762,393.5613436275625,2113.9455438352247,17721.188362932895,-62.13871275311097,3.0,165.9489727061487,0.05,0.04511857032775879,0.7569971084594727,0.024839796,0.032107107,333.53555640671834,3.0,60000,5.411320924758911,0.7825449091694928,0.5150496872752844,137.92920304399,0.0
139,80.44916653633118,283.51726463934443,1671.133381133984,18010.52514628842,-115.21318898010803,2.5,169.4081669687567,0.05,0.04233384132385254,0.7809083461761475,0.025230225,0.029387942,328.53372722998097,2.5,60000,5.466014862060547,1.0985339163492827,0.6440955463470356,134.39695091444798,0.0
140,80.96941637992859,425.4240737695919,1897.9037303914367,14492.144795727301,-88.04055526451947,4.0,175.60382365567352,0.05,0.043944597244262695,0.8336429595947266,0.024811726,0.030333802,338.2227618839421,4.0,60000,6.2171244621276855,0.8599646819206102,0.4896395244698677,115.83358299633863,0.0
141,79.09443974494934,497.60082947827107,2511.771622150512,20173.645132291862,-85.83999144096101,3.5,166.82722545442428,0.05,0.04352831840515137,0.877854585647583,0.024547892,0.029822955,354.16056864337503,3.5,60000,6.652013063430786,1.133958338557982,0.7314631025018051,376.9198688193378,4.0
142,81.33275008201599,651.1123352081422,2690.7849275193175,18297.00209632275,-94.67864976725471,5.0,170.08808937937349,0.05,0.03923988342285156,0.8111660480499268,0.024347872,0.029263739,383.8557452998517,5.0,60000,5.377830982208252,0.8811034157853589,0.5733185673395756,160.70500037281911,0.0
143,79.34487271308899,847.8121967360089,3204.915645257501,18712.82796019979,-112.03168514141684,6.5,175.87627069814027,0.05,0.042888641357421875,0.7447590827941895,0.025303854,0.028606767,430.25139044346747,6.5,60000,5.3001790046691895,0.8418766367103814,0.6149456288779253,135.1562449670433,0.0
144,79.32911014556885,396.8923457351318,2257.892591983305,20875.136669383068,-84.90899223695507,3.5,170.33907586891868,0.05,0.04726815223693848,0.8070147037506104,0.024988206,0.03000188,426.9154859726339,3.5,60000,5.0796284675598145,0.8954251232043169,0.6506144883169781,131.4879090185644,0.0
145,81.29056763648987,504.97637763880897,2316.449637279722,16691.577753797308,-119.56281905550814,4.5,169.99869312207852,0.05,0.04245638847351074,0.7550854682922363,0.024974976,0.030157363,434.72157513925146,4.5,60000,5.147278547286987,0.8078313491051984,0.5793039160226089,100.1340673133979,0.0
146,79.43304896354675,709.9888207860465,3039.4295780832085,19715.826667477268,-70.75172567591854,5.0,174.56251335882683,0.05,0.041190147399902344,0.8184802532196045,0.024779215,0.029651985,462.24829970393097,5.0,60000,5.158866882324219,0.7223328964893149,0.43807847483276796,93.65577213704597,0.0
147,80.65486240386963,1077.9944684524435,3647.9652423465923,17574.91230159317,-110.4759497503975,8.0,169.0898975831102,0.05,0.04703402519226074,0.8394062519073486,0.025217505,0.030570153,523.8229165787823,8.0,60000,6.114976406097412,0.7499690362001225,0.5118592991827196,102.96277638097494,0.0
148,78.87731289863586,473.83030534871364,2484.0924400331687,19184.91926215794,-73.58693765367325,3.5,168.7097793420367,0.05,0.040042877197265625,0.8607888221740723,0.024959141,0.029624034,518.8236554557755,3.5,60000,6.203319072723389,0.9805730812989394,0.6390978251772225,103.9926718500748,0.0
149,79.97539520263672,658.0503668442049,2693.2006556110878,16505.45502216306,-74.4508606938046,5.5,163.7991452862186,0.05,0.038211822509765625,0.7837154865264893,0.024872722,0.03233898,532.7463265946184,5.5,60000,4.90117621421814,0.886932902477787,0.5655511621571927,658.2878144337105,8.0
150,79.07329559326172,720.1261198678586,2922.409170539899,19985.85687339585,-86.12263720251764,6.0,171.50986097416276,0.05,0.0380551815032959,0.713390588760376,0.024896827,0.029670443,551.4843059219425,6.0,60000,4.931469202041626,0.8628883354519647,0.48378948581642234,454.8740103214565,4.0
151,79.13353133201599,714.8764159249357,2960.6190174964568,18420.216851050758,-99.49212764041894,5.5,173.9325075688782,0.05,0.03713202476501465,0.7115428447723389,0.024840867,0.02963435,567.8235169222418,5.5,60000,4.725318431854248,0.8586893399319854,0.6007367818755412,96.72413724558828,0.0
152,78.60611510276794,735.110759291361,3081.6235899315125,19094.436921598466,-85.64025228432874,6.0,166.67195883034853,0.05,0.03880667686462402,0.7070727348327637,0.025012935,0.030364113,584.5522411591537,6.0,60000,4.7267820835113525,0.7179862312858837,0.545420833299881,97.82694795385,0.0
153,77.8638083934784,1240.7870408992449,3998.336733930675,19405.286103539074,-80.64582138487181,9.5,162.48100747284124,0.05,0.04065823554992676,0.7875754833221436,0.02526095,0.03186052,650.1757211331628,9.5,60000,4.937582731246948,0.7475840455717314,0.5214969593214211,85.32137777646942,0.0
154,78.40727424621582,851.7648549893948,3302.4460305709,20486.00708363536,-57.41805122153496,6.5,169.1719166766063,0.05,0.044725656509399414,0.8893473148345947,0.02492827,0.029875545,670.3346345187861,6.5,60000,5.071252822875977,0.8422804151056617,0.5033648623543785,76.98013498244825,0.0
155,76.86636209487915,1053.229813613394,3780.065671050883,20301.34022979845,-92.15798699493159,8.0,173.45202100193967,0.05,0.06266069412231445,0.8472437858581543,0.02485103,0.029708132,708.6241524282469,8.0,60000,5.298948287963867,0.7696013920730955,0.5353516073745292,698.9322946754921,4.0
156,78.37979912757874,1169.2683172347147,4128.839665533288,19513.915916779457,-94.9278437812692,8.0,165.9637405106248,0.05,0.04429030418395996,0.852863073348999,0.024966754,0.030542742,754.6885689088938,8.0,60000,5.4355597496032715,0.7041630906406348,0.5898113092298666,539.1278882894372,4.0
157,76.98439288139343,1615.216730035047,4543.86947776337,19580.495622073522,-99.10291881956235,12.5,170.87175444772691,0.05,0.038762569427490234,0.7369704246520996,0.025055708,0.02991125,840.7413850215091,12.5,60000,5.38714861869812,0.5603198751756324,0.4055458354861271,764.9242474988786,4.0
158,79.04895806312561,957.124648228891,3615.938776188275,21987.45128940036,-127.07626117071848,7.5,167.99534155154194,0.05,0.039121389389038086,0.770251989364624,0.025073072,0.029348014,852.3797113422474,7.5,60000,5.7596213817596436,0.7457116984472527,0.46255670373147134,103.77012903644258,0.0
159,77.78750324249268,1575.740437227694,4441.000668473869,19694.043812462958,-133.5173293708752,11.5,174.3019322763459,0.05,0.05640745162963867,0.7813467979431152,0.025281612,0.028928734,924.7157839307921,11.5,60000,4.812159776687622,0.7148094313042767,0.5293009829092303,499.38541505274,4.0
160,78.19951629638672,530.375900054738,2668.186014737849,18811.395034677593,-102.60424804965702,4.0,165.97289312385695,0.05,0.04636883735656738,0.8302195072174072,0.025160557,0.030086907,885.2817955431867,4.0,60000,5.141115188598633,0.9725791406716878,0.5793818122092786,1606.469044006095,16.0
161,77.5538272857666,920.3791444522434,3786.9540264044913,19671.477445731998,-64.6232043320371,6.0,177.05111839610586,0.05,0.043344974517822266,0.8437314033508301,0.02500807,0.028846554,888.7915304340925,6.0,60000,6.554734230041504,0.8053625527758248,0.6159980658921675,42.19595881763084,0.0
162,76.90177369117737,1589.3646988215642,4664.136820379829,20084.154728439436,-125.66667717057788,11.5,171.24519275249543,0.05,0.04290366172790527,0.8353209495544434,0.02515332,0.03011987,958.8488472728396,11.5,60000,6.336201190948486,0.7539338718068782,0.522872726070762,1222.3099680000414,8.0
163,78.04269671440125,1709.7684708264674,4955.319729159873,19385.938414374003,-64.66810492338824,11.0,179.0792910039299,0.05,0.04386448860168457,0.836655855178833,0.024704514,0.028137334,1033.9408096282025,11.0,60000,6.1871747970581055,0.6555087207272883,0.4449396614885128,1414.3489396254342,12.0
164,77.5374047756195,1572.4965854129812,4800.266886070769,20603.392115370385,-86.59921522511178,10.5,170.4549663115137,0.05,0.04295945167541504,0.8163623809814453,0.025111623,0.02906389,1087.7963872066803,10.5,60000,5.379302740097046,0.6625843218278998,0.4630819343200909,1423.2528062170502,8.0
165,77.94045114517212,2039.1805500531984,5281.205408970986,18803.164319023257,-63.784996332267355,13.5,177.2940473585945,0.05,0.04196310043334961,0.7997708320617676,0.02487242,0.028490104,1182.934803491332,13.5,60000,5.88585352897644,0.6718655807772668,0.535497895315779,87.97980956348256,0.0
166,77.83273577690125,1718.9811997701324,4806.52734844394,19878.26716302687,-69.040575414074,13.0,174.9779856154623,0.05,0.04688763618469238,0.798372745513916,0.025280962,0.029005505,1236.5394431192121,13.0,60000,5.681645393371582,0.7034025002116192,0.536599381705414,861.8886524235983,8.0
167,77.39087319374084,1512.7641263727003,4701.518972021303,20782.14296881704,-78.83823573149827,10.0,174.83172669727145,0.05,0.05742192268371582,0.862238883972168,0.024993217,0.028988492,1264.1619114445612,10.0,60000,5.376652479171753,0.8089841158449076,0.5405556214289847,1314.3570498544896,8.0
168,77.09038519859314,1362.1367949458277,4480.623541279055,20281.765072763577,-181.64138905771478,9.0,166.31402005180638,0.05,0.045978546142578125,0.8694005012512207,0.025177142,0.029941441,1273.959399794688,9.0,60000,4.752354383468628,0.7642909077511288,0.5175074084334417,856.9065204972096,8.0
169,76.32071185112,1931.1826647459175,5413.834715520529,20991.612501308882,-87.14898039699504,12.0,177.7375621191039,0.05,0.04312586784362793,0.8196556568145752,0.024910994,0.028103802,1339.681726289811,12.0,60000,4.908764123916626,0.5946366692895354,0.4296912305057858,2011.586246018809,12.0
170,76.75590801239014,1872.2972271678998,5190.672540996264,20790.039142945134,-128.92983903660877,12.5,171.19448449039322,0.05,0.05680108070373535,0.8623001575469971,0.0251712,0.028672412,1392.94327637762,12.5,60000,5.683890342712402,0.6516650975727721,0.47590494894051194,34.26608643746145,0.0
171,76.22788739204407,1477.0818150822272,4653.923150734459,21287.76184628272,-81.57384732417626,10.0,165.88432036283314,0.05,0.04564976692199707,0.7602958679199219,0.025102355,0.02931255,1401.3571302480807,10.0,60000,5.090787172317505,0.6199498230733023,0.473356549898675,1480.6369329764245,8.0
172,76.58336663246155,2159.7331935593356,5641.4498033082455,20799.290096924662,-127.64218091378685,13.5,177.41836983520147,0.05,0.04532170295715332,0.8417172431945801,0.025089957,0.028385373,1477.1947365792064,13.5,60000,4.937689304351807,0.5568196104550577,0.4296655556077912,838.179844022135,4.0
173,76.33265829086304,1582.910102866008,5033.6050242019255,21087.063957313538,-109.61614798050887,10.0,174.2968634205278,0.05,0.043378591537475586,0.8194577693939209,0.025077652,0.028504297,1487.7662732078866,10.0,60000,5.09624719619751,0.7801172396146148,0.5463034621640755,2006.9432991014523,12.0
174,76.72478652000427,1751.253306536377,5249.0035426115965,21080.877617868584,-70.20748768415993,11.0,186.00231723504723,0.05,0.04083061218261719,0.8262872695922852,0.025057117,0.026908707,1514.1149765407358,11.0,60000,5.2466113567352295,0.6864513053166705,0.5235484537908419,1173.7059680277366,8.0
175,75.83709859848022,2377.8985426596296,6071.964020483702,20405.26198225053,-110.4415622076199,14.5,168.9531311659569,0.05,0.0394132137298584,0.8021888732910156,0.024886543,0.03224311,1600.4933331526252,14.5,60000,5.391711235046387,0.6490728578665114,0.4856358388522632,2262.9393792299384,16.0
176,76.3200798034668,1996.9386082206888,5609.79024756519,21492.014502911577,-59.344903155633276,12.0,177.95543601947836,0.05,0.03690695762634277,0.6969022750854492,0.024985434,0.028081194,1640.1378606594317,12.0,60000,5.0598297119140625,0.6073025738172972,0.4840919985612243,769.9966323413198,4.0
177,75.57255148887634,1991.4200310594454,5717.966749576556,21475.305975974487,-93.85736626704146,11.5,180.41419353877342,0.05,0.049057960510253906,0.8228423595428467,0.024940604,0.027636668,1675.266077699433,11.5,60000,6.365208148956299,0.6265968303438313,0.45956445412016744,2798.0776957412245,16.0
178,76.05764055252075,2564.7462929099793,6007.149420749981,20691.082201292047,-72.38858134663084,17.5,172.1657862005242,0.05,0.048039913177490234,0.8945391178131104,0.024958178,0.029268416,1764.2140992204877,17.5,60000,6.125812292098999,0.6169459849309272,0.47038099067642125,1576.5766299431482,12.0
179,77.26337337493896,2113.0973840591264,5818.97487122879,20783.030886128894,-116.1698506990724,12.5,174.36061147618605,0.05,0.04790806770324707,0.8704414367675781,0.02514001,0.029016837,1799.1024277043516,12.5,60000,5.833989381790161,0.6494513171887316,0.4913607265259412,1196.990305949733,8.0
180,76.87070226669312,2749.5912060465066,6430.20400902188,21189.034057362434,-82.539811963387,16.5,174.47744137905414,0.05,0.048269033432006836,0.9199268817901611,0.025109949,0.028868617,1894.1513055385672,16.5,60000,5.628056287765503,0.6650174490514255,0.49129947326329043,2575.9165388444003,16.0
181,76.9732358455658,2164.3219135705217,5872.559262882078,22088.986250091482,-83.05533635486293,13.0,175.88933463977327,0.05,0.04985213279724121,0.932502269744873,0.024960298,0.028510151,1921.1683663417627,13.0,60000,5.765164375305176,0.6043445831108859,0.4565005135727689,1358.3495880130827,8.0
182,76.29221224784851,2595.4882995805615,6234.668051050178,21590.091379105554,-61.169184013576995,16.0,170.60208180932378,0.05,0.04578733444213867,0.8850581645965576,0.02497458,0.029401544,1988.6003596656426,16.0,60000,4.088679075241089,0.5930276491847176,0.4660120651030316,2178.263684349118,12.0
183,76.28953647613525,1642.3998117601525,5096.639073649446,20975.726577349236,-118.76467755354388,10.0,163.52970870715714,0.05,0.043703317642211914,0.8698794841766357,0.02499491,0.030404517,1953.9803048750937,10.0,60000,4.130660057067871,0.6716814744107497,0.4711850631470739,2514.770591738425,16.0
184,76.08803105354309,1636.0781453406298,5127.231719072839,21488.60080101098,-71.8588071616828,10.0,175.03035177182406,0.05,0.046350955963134766,1.0111463069915771,0.024873804,0.028627165,1922.1900889216474,10.0,60000,4.293673515319824,0.9200294697595505,0.4575472521601443,827.1295572022843,4.0
185,76.26580023765564,2349.333342236247,5902.847584287724,20696.82093964519,-80.87354245417612,15.0,183.54555271447265,0.05,0.04610872268676758,0.7659029960632324,0.02498957,0.028261697,1964.9044142531075,15.0,60000,4.1455559730529785,0.7160988151961029,0.5127299008332323,2406.673514925121,20.0
186,76.19280171394348,3153.7491499992107,6957.053132094464,20588.72682141771,-72.76500556498381,18.0,175.54388074874842,0.05,0.04488945007324219,0.8384158611297607,0.025203943,0.028965972,2083.7888878277176,18.0,60000,4.410249948501587,0.5742591728341556,0.47257018819070595,818.1938362111057,4.0
187,76.86871838569641,2269.629916534063,6081.252971276078,21381.1845351887,-61.59781001972397,13.0,176.0853830656362,0.05,0.045142173767089844,0.9414725303649902,0.024933763,0.02829832,2102.372990698352,13.0,60000,4.531557321548462,0.6676867307378893,0.43723661740623665,2887.6853267636075,16.0
188,75.95786643028259,2489.8192243296176,6277.399695223775,20585.40510898954,-70.2859438280617,14.0,182.28604940159275,0.05,0.04178595542907715,0.750892162322998,0.024710903,0.027693065,2141.117614061479,14.0,60000,5.593893766403198,0.5526246158636946,0.43321855303679946,795.9528393011983,4.0
189,76.0188844203949,2731.731006880443,6559.687267985468,21295.32691893071,-60.181344792737036,15.5,173.42369363570674,0.05,0.05542802810668945,0.7564024925231934,0.025157373,0.028777301,2200.1789533433753,15.5,60000,4.92875862121582,0.6538981410800873,0.43433768586511273,2915.077828925992,16.0
190,75.51345443725586,3323.460032624798,7119.243218657265,22192.119382848636,-65.23183765983893,19.0,172.6631963083616,0.05,0.04506230354309082,0.7364771366119385,0.024989193,0.028794888,2312.5070612715176,19.0,60000,5.125266075134277,0.5139534629595963,0.375286325828372,3471.4709261832345,24.0
191,75.57909965515137,2668.078772788184,6470.604865189649,21888.991535876656,-48.55116346430166,15.5,165.02283697604477,0.05,0.05294632911682129,0.8452999591827393,0.025213106,0.030271627,2348.0642324231844,15.5,60000,4.994393348693848,0.5473180307907236,0.4165324819590695,5744.628464994541,32.0
192,75.69550943374634,2398.054250606131,6293.488419127353,21205.36803252232,-127.90078063901376,14.0,171.5725967583715,0.05,0.04636335372924805,0.8047537803649902,0.025002306,0.028865615,2353.063234241479,14.0,60000,6.077500820159912,0.6528863900111985,0.4908360204655083,3664.8134415221343,24.0
193,75.68046283721924,1865.3518475233536,5536.951870799129,21891.390453610955,-99.09677678147891,11.0,172.62013533482335,0.05,0.046547651290893555,0.8870494365692139,0.02512789,0.028689075,2304.292095569667,11.0,60000,4.774164199829102,0.7527694480929841,0.582196497301673,3045.6799080891865,16.0
194,76.2277901172638,2755.9277210252294,6624.141622281691,20977.076682587616,-160.16527904441148,15.0,177.87408011192454,0.05,0.04387402534484863,0.7807729244232178,0.024977192,0.028264223,2349.455658115223,15.0,60000,4.596323013305664,0.7147441608524299,0.465821463947791,3905.274865979236,20.0
195,76.03697299957275,2677.818719105461,6399.475456585744,21097.95378499321,-141.04974826298394,15.5,164.4627223539273,0.05,0.041982173919677734,0.8426332473754883,0.024996787,0.029845616,2382.291964214247,15.5,60000,4.634022235870361,0.6219164658602262,0.4581718733466118,5163.399499413978,32.0
196,76.08018612861633,2701.712493506918,6575.493433816586,21601.334805948143,-126.81201067392108,16.0,169.2262749219467,0.05,0.04134011268615723,0.9266839027404785,0.024972161,0.029633077,2414.234017143514,16.0,60000,4.373321056365967,0.5592570005480456,0.43296573828833423,3181.097708154,20.0
197,75.15214896202087,2073.3921825930256,5880.932232093964,21382.20515287716,-176.6187644820298,11.5,167.8535443854445,0.05,0.04774975776672363,0.8035826683044434,0.025091242,0.029399984,2380.149833688465,11.5,60000,4.503094673156738,0.7106839290932636,0.5108961690698184,3888.170021600841,20.0
198,75.89500141143799,4091.539787881163,7762.47328183613,21764.380961021343,-59.85576434523315,22.5,172.0252455115723,0.05,0.04587912559509277,0.7614023685455322,0.025182243,0.029308667,2551.288829107735,22.5,60000,5.054919719696045,0.4988192871754835,0.39347636007660497,3977.2845281511413,20.0
199,75.76482677459717,2891.678967409884,6543.535673589271,21587.60775267122,-87.43832397627615,18.0,170.68268725985305,0.05,0.05411052703857422,0.7958753108978271,0.024922295,0.028925138,2585.32784293795,18.0,60000,5.181172847747803,0.5326611571972117,0.38735628916630377,4810.943390082118,24.0
200,76.07899403572083,2512.286617492165,6325.728028217219,21671.763822752888,-59.57641304135777,14.5,172.33293667352729,0.05,0.04089546203613281,0.933391809463501,0.024988422,0.02965435,2578.0237203933716,14.5,60000,4.6161205768585205,0.6963634807886271,0.5058997583161307,3154.0480824095093,16.0
201,75.78373050689697,2951.016733790866,6913.867703589646,22087.394427006944,-146.38420122725745,16.0,173.49198523354625,0.05,0.04699206352233887,0.8718156814575195,0.02515118,0.028662797,2615.323021733121,16.0,60000,4.908628940582275,0.5595888111779561,0.40760204046983584,3594.216454289698,20.0
202,75.60764193534851,3630.6147949199235,7508.52462627603,21696.025883443293,-145.58170259597418,20.0,175.3932304257393,0.05,0.04114651679992676,0.7443394660949707,0.02514535,0.028786013,2716.8521990518016,20.0,60000,5.150908470153809,0.5070519455825795,0.3768470228016345,4000.7983843019024,20.0
203,76.5622615814209,3306.119850686912,7162.567932429597,21276.915274244533,-160.98873368220464,18.5,170.9738702792404,0.05,0.042247772216796875,0.743056058883667,0.024875522,0.029291494,2775.778964215313,18.5,60000,4.128164291381836,0.5039893446862872,0.3652496245802108,3156.4082619632854,16.0
204,76.1102523803711,3298.568326957886,7169.4990986406965,21593.902143464737,-98.74578601628114,18.5,166.09335379586958,0.05,0.0453028678894043,0.9231016635894775,0.024967294,0.030164316,2828.057900489571,18.5,60000,4.904124975204468,0.5659569488832168,0.34887299624403634,4130.758746985413,20.0
205,76.62149143218994,3732.9714082422447,7338.314066449514,21366.71838869372,-62.44181734874498,22.0,173.13330416038286,0.05,0.037496328353881836,0.7713546752929688,0.024901284,0.028602201,2918.549251264838,22.0,60000,4.711140394210815,0.5854382670905582,0.3717758626688797,5732.415195975209,28.0
206,76.269296169281,2988.9922597575996,6959.9713378361785,21796.625499016656,-131.2504971070888,16.0,169.00669148668874,0.05,0.04878854751586914,0.8752760887145996,0.02492523,0.029398391,2925.5935521141146,16.0,60000,5.000236988067627,0.5801863566482268,0.34242077617823025,4879.164805382371,24.0
207,75.74537348747253,2948.085335650243,6780.705020110568,21792.161837796022,-59.3924178009879,17.0,174.22206796451232,0.05,0.04180145263671875,0.7044014930725098,0.025048796,0.028567228,2927.8427304677275,17.0,60000,4.8887858390808105,0.8426817094738435,0.501678133556003,6329.03269515197,36.0
208,76.50748229026794,3533.3754994324468,7327.3475716518715,22005.707887795706,-64.38828922911229,20.0,169.26182802063508,0.05,0.038710832595825195,0.7800674438476562,0.024788048,0.029888414,2988.3960073641992,20.0,60000,4.893461465835571,0.5269205372399282,0.359737436776311,6337.6557817199555,36.0
209,76.74265193939209,3704.1756518170796,7417.400288499726,21990.42593787532,-117.27157332547488,21.0,161.7735817373137,0.05,0.03966879844665527,0.7859299182891846,0.02498074,0.03051158,3059.9739718094875,21.0,60000,4.9786155223846436,0.4633822561168711,0.3737260533391717,4957.64152535389,24.0
210,75.65955686569214,2889.7858842687674,6693.859810221391,21894.343798988815,-82.2764182711185,16.5,167.03372330309395,0.05,0.03990912437438965,0.7311077117919922,0.024730286,0.02954437,3042.9551630554156,16.5,60000,4.688230752944946,0.5789242752888667,0.3929959233030894,5182.751630112536,28.0
211,75.73069787025452,3188.479253958624,6986.1414512408855,22495.335656043448,-50.001600260597144,18.5,170.85104479430993,0.05,0.04078483581542969,0.7682352066040039,0.024931679,0.029150262,3057.5075721457365,18.5,60000,4.632091283798218,0.5151249144799276,0.3727303846380202,4884.968654582165,24.0
212,75.59493041038513,2906.664231463117,6505.539814174815,21234.05263495184,-61.404367591256324,18.0,177.57882352793138,0.05,0.04017925262451172,0.6728572845458984,0.024959577,0.028070351,3042.4232380774747,18.0,60000,4.575823068618774,0.5834478390342488,0.4279942433677819,4856.263997678621,24.0
213,75.98226475715637,3621.047753044225,7285.416494203676,21581.208313213683,-108.11118316366583,21.5,169.41315281551522,0.05,0.039525508880615234,0.803246021270752,0.025050487,0.02916397,3100.28568957415,21.5,60000,4.445284605026245,0.47823079866426627,0.3550749433794116,5684.667632855641,28.0
214,76.05271077156067,2738.572775190503,6822.738105813734,21993.35507089101,-116.97429069683372,14.5,168.70155835079024,0.05,0.03953695297241211,0.7301523685455322,0.024985917,0.029320264,3064.1143981357854,14.5,60000,4.57086968421936,0.5552463617583966,0.4100284642063845,5620.949992961875,28.0
215,75.53590416908264,3213.110329072818,7141.068907680463,21882.496822661262,-103.7053866057214,18.0,163.58437946943604,0.05,0.0476381778717041,0.8590500354766846,0.025091691,0.030559594,3079.013991229489,18.0,60000,4.422569274902344,0.5337004779697521,0.40010140655056714,5423.483222996148,28.0
216,75.92349743843079,4326.989971993982,7918.561327869121,22193.20034729901,-45.58807504745058,24.0,169.40923927558072,0.05,0.04629850387573242,0.831646203994751,0.025026461,0.02971799,3203.8115893059385,24.0,60000,4.53061056137085,0.48738343234134535,0.36924463274584685,3705.1189095215695,20.0
217,75.84154057502747,3886.449523547507,7597.203085904413,22092.025606884945,-47.61653327054704,22.0,164.7936216063326,0.05,0.04677534103393555,0.8196847438812256,0.025053754,0.029469373,3272.0753827300955,22.0,60000,5.341931581497192,0.4815828175645175,0.36146671869256347,4658.147081372666,24.0
218,75.49685716629028,2311.380335541588,6101.8630489874095,21997.335204151957,-89.11593007277524,13.5,159.69203314083697,0.05,0.04729747772216797,0.8973946571350098,0.025023183,0.031468853,3176.005878011245,13.5,60000,4.511273145675659,0.6356665975269246,0.452555021938572,5630.331751740254,28.0
219,75.86399126052856,3761.336011254799,7605.661561507981,21487.6824571003,-223.77869697899638,20.5,167.655148032591,0.05,0.045671701431274414,0.8700573444366455,0.024918996,0.029594935,3234.5388913356005,20.5,60000,4.560820579528809,0.5294457455375811,0.3634461827211858,4862.6496078275695,24.0
220,76.1205358505249,4776.351278463862,8325.931007317042,22788.742374062345,-94.47477177295296,25.5,169.61181117579363,0.05,0.04771113395690918,0.8106770515441895,0.024891183,0.029149419,3388.7201300484267,25.5,60000,5.162895917892456,0.4723187880099722,0.32464788660770477,5695.043248750789,28.0
221,74.98244857788086,3127.5546838322734,7065.72576234762,22297.122965864666,-52.57522258788987,17.0,168.44082550775065,0.05,0.04925942420959473,0.982903003692627,0.024771964,0.029496798,3362.603585426811,17.0,60000,4.788041830062866,0.5174860329033361,0.36707589018984954,6555.044762548052,32.0
222,76.20627069473267,4280.523922607031,7875.0748378516255,22571.549217662578,-135.07565395253505,24.0,165.2793525484776,0.05,0.04723858833312988,0.7004079818725586,0.024818221,0.030393137,3454.3956191448333,24.0,60000,4.3066041469573975,0.4107418955657128,0.30115717674327924,5871.42492865411,28.0
223,75.43328094482422,3416.4839000889856,7192.388536722843,21992.675678561638,-68.89577096109272,19.5,157.76324617688937,0.05,0.04834890365600586,0.798959493637085,0.025024835,0.031798173,3450.6044472392487,19.5,60000,4.33782172203064,0.6276545525809969,0.35431505465972674,4260.8319434141,20.0
224,75.54311966896057,3907.785843910995,7897.651719123819,22292.58678879733,-58.51658795653818,20.0,167.6880312250434,0.05,0.048099517822265625,0.7698745727539062,0.024820363,0.029591745,3496.3225869064236,20.0,60000,4.6419837474823,0.5204863978536195,0.38838027774288564,4000.8667830702475,20.0
225,75.35631322860718,3401.404646648077,7454.6766402802,22288.92605171466,-69.91544424355321,18.5,156.3260125088187,0.05,0.04780697822570801,1.0334465503692627,0.02492269,0.031431273,3486.830792880589,18.5,60000,6.045401096343994,0.48057560733953475,0.3432794130149352,6507.140096270938,36.0
226,75.6703782081604,3898.436745570465,7782.798636602122,22269.774182957677,-97.3122734557613,21.0,166.07093294132386,0.05,0.06397223472595215,0.8084316253662109,0.025053786,0.030151391,3527.991388149577,21.0,60000,5.003241777420044,0.5636029179529352,0.3533282160416347,5052.526909498602,24.0
227,75.04289817810059,3415.615310018539,7439.14283437838,22283.80778543184,-96.56238367809111,18.0,171.81592596227668,0.05,0.049844980239868164,0.8857262134552002,0.02505363,0.02886076,3516.753780336473,18.0,60000,4.715641260147095,0.6184976467391038,0.37891313900469387,4894.613380834201,24.0
228,75.03597688674927,3746.0242121169886,7620.531100180936,21681.41546996715,-94.28936951108251,20.0,176.40858038785552,0.05,0.04933595657348633,0.8967921733856201,0.025046505,0.028413301,3539.680823514525,20.0,60000,4.73872709274292,0.5428612703423562,0.41892481007891497,6376.4425010809455,32.0
229,76.11336135864258,4248.367755296811,8115.456893698264,22580.928200524468,-49.41606530596219,23.0,162.97039269521323,0.05,0.04822421073913574,0.9403629302978516,0.025148897,0.030912967,3610.549516692754,23.0,60000,5.682206153869629,0.49491814407485957,0.3768503527612134,5206.021172495508,28.0
230,75.08790826797485,3984.920006527401,7808.652395478066,22193.580610130997,-107.2453657011371,21.0,164.54922364993436,0.05,0.047898292541503906,0.8844006061553955,0.025031853,0.02979444,3647.9865656762186,21.0,60000,4.6519775390625,0.5485189073069439,0.38806880025468826,6220.019414963445,32.0
231,75.83293199539185,4350.466417563317,8099.982550994531,22075.430830479807,-91.75836217932829,23.5,167.84785093429878,0.05,0.045813798904418945,0.8594496250152588,0.024768518,0.02975891,3718.234550864928,23.5,60000,4.5801239013671875,0.4677559119781806,0.3419065343620115,5072.95707532208,24.0
232,75.0556628704071,2934.949776939044,6913.453254154112,22789.229362008078,-110.02161169829122,16.0,168.48641733406285,0.05,0.04767155647277832,0.8511238098144531,0.025021903,0.028871672,3639.90607347234,16.0,60000,4.382493257522583,0.5141825154030936,0.3603936135471779,4849.510962362735,28.0
233,75.42703986167908,3968.9480491228996,7879.6427908270025,21983.64946693451,-48.594589088150165,21.0,164.92123983455616,0.05,0.04944634437561035,0.9782025814056396,0.024987228,0.030509729,3672.810271037396,21.0,60000,4.561601877212524,0.5049062453664589,0.3799763606293023,6704.527082973055,32.0
234,75.50456714630127,3504.8971622813515,7558.130719804268,21889.87552016536,-112.62680215252486,18.0,162.26526270821338,0.05,0.048243045806884766,0.9042298793792725,0.025057111,0.03097529,3656.0189601617913,18.0,60000,4.693808078765869,0.450004401540194,0.319846083315338,7412.770221863753,36.0
235,77.24213409423828,4522.087069212181,8108.497362844712,21971.35361729738,-93.05236244256021,25.0,164.19501053723306,0.05,0.046964406967163086,0.9415533542633057,0.024921069,0.030373078,3742.62577106683,25.0,60000,6.198076486587524,0.4922203297771203,0.3191938353408305,6573.33754670306,32.0
236,76.49020528793335,3787.1699172704048,7663.080813633511,21491.30686881714,-166.1288570478442,21.5,164.82731327648753,0.05,0.04852890968322754,0.8589022159576416,0.024838708,0.030133398,3747.0801856871876,21.5,60000,4.972729444503784,0.5655403440101987,0.3091866996612194,6677.32773632896,32.0
237,75.68874025344849,4052.8050151923694,7938.522993185646,22090.573579562457,-127.2498482556766,22.0,160.51286293154217,0.05,0.04067587852478027,0.7954573631286621,0.025092956,0.030927489,3777.652668637706,22.0,60000,5.00386643409729,0.5076478528831718,0.3011444380474865,6482.1039096361865,32.0
238,75.40387105941772,4298.1857413366015,8244.389994351053,22889.401755091232,-63.167801580938594,22.0,163.72886318273257,0.05,0.039911508560180664,0.7693424224853516,0.024740405,0.030502345,3829.7059759075955,22.0,60000,4.51728892326355,0.4066842620650919,0.2574826041337673,5835.045240928681,28.0
239,76.91404891014099,2875.328670019704,6930.114458181712,21581.916407878398,-88.8019781216089,15.0,167.94430380451874,0.05,0.03949761390686035,0.7049050331115723,0.024634521,0.029360311,3734.2682453188063,15.0,60000,4.459819078445435,0.7025072436940768,0.4182684080071272,6545.619563872273,32.0
240,76.04730272293091,4157.922531502869,7932.888626059601,22295.483420805078,-103.07994571957414,23.0,165.21228536462965,0.05,0.04023289680480957,0.8652482032775879,0.025038613,0.029488144,3776.6336739372127,23.0,60000,4.261110782623291,0.5154918360921613,0.3467023771353362,5723.307781909579,28.0
241,75.30180096626282,3831.489540674223,7749.435626176228,21991.118616284133,-130.35671790944275,20.5,164.917792582505,0.05,0.046602725982666016,0.7984967231750488,0.025094377,0.029532667,3782.119260610914,20.5,60000,4.675681829452515,0.41801030770887404,0.28959495085643844,5790.792799880417,28.0
242,77.69075179100037,4516.730054235607,8104.739740515462,22690.06985754775,-98.81878558205104,25.5,161.8259554125542,0.05,0.046887874603271484,0.8083236217498779,0.024925226,0.030599767,3855.5803399733836,25.5,60000,4.955398797988892,0.4656776403873367,0.34188725099134604,5749.358114047253,28.0
243,77.14649558067322,2849.288410556892,6733.767273205776,22077.879394774154,-103.8729160075606,16.0,160.53192635158607,0.05,0.0471491813659668,0.8290061950683594,0.02524543,0.030348312,3754.9511470317343,16.0,60000,4.5932512283325195,0.6830021162107858,0.3839162632454168,5786.132061399197,28.0
244,76.59048461914062,4719.715124768725,8297.511269462411,23392.763632358263,-152.25480965327117,25.5,163.64365351838012,0.05,0.04828500747680664,0.81905198097229,0.024829438,0.030740254,3851.4275448054336,25.5,60000,5.264725685119629,0.4961107026104493,0.3173515894709322,6220.118222018218,32.0
245,77.31869578361511,2990.4343968967614,7085.422212797983,22281.35299414079,-50.38175450611431,15.5,174.2519733874199,0.05,0.047495126724243164,0.8819053173065186,0.024948722,0.028229594,3765.3282300145665,15.5,60000,4.565265417098999,0.6710573076525567,0.42104099878536866,4899.550599554514,24.0
246,77.37870979309082,4199.686605557192,8124.653116932713,22389.785865292408,-150.17327464630011,21.5,164.38307326755373,0.05,0.047067880630493164,0.7177648544311523,0.024969527,0.030156385,3808.764067568829,21.5,60000,4.0926125049591064,0.4477918306834483,0.23973140095058576,4837.206143336487,24.0
247,76.03176665306091,5934.2397085583,9011.217742221685,22492.368755340125,-135.8071330472667,31.5,163.7970169206989,0.05,0.040313005447387695,0.7004926204681396,0.025025904,0.030582737,4021.311631667776,31.5,60000,4.109567165374756,0.4415374620791317,0.265304846202348,4731.071363333287,24.0
248,77.2864203453064,4204.064707029589,8069.793351324573,22289.459231215307,-63.375071501221925,22.5,167.2030809655716,0.05,0.04071235656738281,0.7091512680053711,0.025007846,0.029733652,4039.586939203957,22.5,60000,4.393825054168701,0.6037741537826639,0.32771268018193395,4183.925974991482,20.0
249,77.32323598861694,4027.565679121305,7959.230815875771,22384.396809685717,-119.28933423656694,21.0,167.7158384027594,0.05,0.04080796241760254,0.7070813179016113,0.025266798,0.029859403,4038.384813195692,21.0,60000,4.427488327026367,0.44905021952805624,0.3273183410331378,4158.502196129309,20.0
250,77.00154685974121,4190.069262464962,8137.4133536078325,22388.702655931556,-117.6723476905034,22.0,161.23817537251955,0.05,0.0415496826171875,0.7337300777435303,0.025007859,0.030679794,4053.5532581226194,22.0,60000,4.981990575790405,0.6033343338359641,0.4416197960254163,6663.988018646712,32.0
251,76.01362466812134,3579.7530035821487,7558.781641833177,22189.109683555052,-143.9511766666065,19.5,168.29280974278998,0.05,0.04448747634887695,0.7947342395782471,0.025052221,0.029570544,4006.1732326685724,19.5,60000,5.815295457839966,0.5417703435719304,0.2967153787705183,7386.13308381234,36.0
252,76.18172359466553,4765.825879530126,8590.887211845815,22287.868460285204,-135.31467583153105,24.0,160.46700500887326,0.05,0.04338192939758301,0.7783181667327881,0.024951376,0.030818406,4082.138497354728,24.0,60000,4.2806596755981445,0.47096986203809404,0.2814264967958413,6261.258525845137,32.0
253,77.00421190261841,5146.174212173589,8609.29260203911,22377.026420180096,-48.64157516046589,27.5,158.96179032506188,0.05,0.04028058052062988,0.7254221439361572,0.024714557,0.03119023,4188.542068836614,27.5,60000,4.3764331340789795,0.3556861892810496,0.22587420198093291,6630.366502399121,32.0
254,76.13117599487305,5335.568422222787,8644.651448233075,22395.93007617885,-115.47815589674344,29.0,166.0228980014299,0.05,0.043450355529785156,0.7107903957366943,0.024933383,0.029768672,4303.244704175231,29.0,60000,4.285710573196411,0.3643027119493767,0.22227971313014602,6293.273028364736,32.0
255,76.33563375473022,4465.005307930949,8322.421057176864,22100.74560293855,-140.72917801937643,23.0,165.74041595118143,0.05,0.03974771499633789,0.7193670272827148,0.024776423,0.02944448,4319.420764550803,23.0,60000,4.149169206619263,0.5139942109086363,0.3662415040144052,5875.65484265291,28.0
256,75.61890196800232,4492.24180562202,8358.75139426401,21885.744572456624,-121.85111893301492,23.5,169.60673566142688,0.05,0.038282155990600586,0.7078506946563721,0.024916394,0.029181536,4336.702868657925,23.5,60000,4.280972003936768,0.3717282575641702,0.2177620437720252,5086.382923078087,24.0
257,75.86492943763733,4819.086392136321,8356.94083560796,22500.96535395879,-86.93506787574032,26.5,160.40722976767898,0.05,0.037038326263427734,0.7227954864501953,0.02493361,0.030843547,4384.941221005764,26.5,60000,4.580913782119751,0.43249480882142344,0.27212271468805194,7145.816779465877,36.0
258,75.73966884613037,5313.089391205165,8848.037164498606,23091.642218175602,-104.20573637741624,27.0,153.5073830303182,0.05,0.04207444190979004,0.8199810981750488,0.024938904,0.030682536,4477.756038025705,27.0,60000,5.874100208282471,0.41223406836603815,0.3059726602942874,5663.877212270035,28.0
259,76.26507210731506,3738.083493363676,7847.700816321564,22486.337518813514,-135.35624833516675,19.0,160.00264122171444,0.05,0.03525495529174805,0.6533565521240234,0.024675695,0.031349026,4403.788783559502,19.0,60000,4.6918089389801025,0.4568862683489455,0.2889463959477187,4102.917192287002,20.0
260,76.10625505447388,5325.186814799856,8953.918784473393,22787.20339031706,-104.73694074127265,27.0,165.21974520629965,0.05,0.03392457962036133,0.6619589328765869,0.025001282,0.030703574,4495.928586683537,27.0,60000,4.574356317520142,0.42939832591100346,0.2967845225236487,5895.626459367324,28.0
261,75.69803237915039,3513.7790370969556,7562.3652266552035,21986.968550118647,-148.97312774897748,18.5,161.9934093782211,0.05,0.04100394248962402,0.6500775814056396,0.024959158,0.030464089,4397.713631724879,18.5,60000,4.234776973724365,0.6935830715419309,0.40170263257675515,4763.254007402355,24.0
262,75.17049622535706,5387.374400048696,8861.865972128307,22937.43382871066,-149.76040865070928,27.5,171.55217080468216,0.05,0.034076690673828125,0.6970765590667725,0.025138907,0.029347163,4496.679708557261,27.5,60000,4.0345213413238525,0.5193657580950648,0.31045473812216445,5095.672308568732,24.0
263,75.37226581573486,4899.5445647963825,8691.417763053572,22770.33007803862,-164.16041579718018,25.0,159.14949704500432,0.05,0.04163932800292969,0.675896406173706,0.02475158,0.031008322,4536.966194181173,25.0,60000,4.734430313110352,0.4572266954041945,0.3085953612571588,6192.786390800841,32.0
264,76.76260566711426,4760.54376089024,8454.851308823167,22282.816113770412,-118.59962880092974,25.0,164.91540615001952,0.05,0.038495779037475586,0.6127073764801025,0.024879662,0.030329999,4559.323950852079,25.0,60000,5.677858829498291,0.4591135730483593,0.31373988455999774,7605.1838151142965,36.0
265,75.45472836494446,5042.1592541230175,8639.442263591822,22780.64860691951,-187.99657058866208,26.5,159.18010029705422,0.05,0.043468475341796875,0.7394137382507324,0.024983069,0.031143473,4607.607481179173,26.5,60000,5.36307430267334,0.4172087925909974,0.3002150268102481,8368.749942459874,40.0
266,76.69390106201172,5234.330128746935,8909.882660398085,23077.486274605668,-103.34515298869265,27.0,159.37270564123403,0.05,0.041494131088256836,0.7484481334686279,0.024883928,0.031366013,4670.279745935949,27.0,60000,4.684526443481445,0.4261818811790844,0.32283589438744636,7634.056522047945,36.0
267,76.23717474937439,4233.61636534933,8029.336733866065,22682.999785573804,-59.986990626569735,23.0,169.5709814538719,0.05,0.04030418395996094,0.722358226776123,0.025226938,0.02916379,4626.613407877287,23.0,60000,4.565884351730347,0.5174333302025017,0.3974315856886526,5121.185672820112,24.0
268,76.33095788955688,5158.463859134142,8681.39237595857,22693.54615034236,-46.68054901728324,27.5,160.40826207468663,0.05,0.04024672508239746,0.6691896915435791,0.025103863,0.031087842,4679.798453002973,27.5,60000,4.037405729293823,0.4181978526831119,0.28577475177479755,7547.0458000234,36.0
269,76.24419355392456,6248.5355800548205,9256.97755333778,22400.247062535294,-145.95196267659875,32.5,162.62602205835785,0.05,0.038542747497558594,0.714350700378418,0.025020843,0.030809587,4836.672165708158,32.5,60000,4.015671253204346,0.4003214796052939,0.27479113589550525,8429.758279428304,40.0
270,75.53169655799866,4575.063770333071,8477.852747504568,22492.167063103454,-105.93393478448245,23.5,162.85149845277266,0.05,0.040413618087768555,0.7091333866119385,0.02504718,0.03085919,4810.511326170649,23.5,60000,4.131640195846558,0.406747113260704,0.29069310888353955,8467.021848617414,40.0
271,75.43058586120605,5608.151452330988,9029.502927488422,22278.825191345328,-58.503847090765746,28.5,162.56333841287716,0.05,0.03897356986999512,0.7494332790374756,0.024971964,0.030857056,4890.275338786683,28.5,60000,5.245761394500732,0.39486577885740337,0.2781235246426422,7627.538073439367,36.0
272,75.63451910018921,4708.724092851439,8658.20416771736,23180.17434984443,-63.513882239511645,23.0,158.5097014005775,0.05,0.04008913040161133,0.7226355075836182,0.024999429,0.031394117,4872.120214193159,23.0,60000,4.2766876220703125,0.5552177292180807,0.3915683965588859,5047.2275690252545,24.0
273,75.38071894645691,4944.797509013396,8656.095189185346,22292.589325787827,-73.62494927955821,25.5,162.63746022295877,0.05,0.038132667541503906,0.6153419017791748,0.025175465,0.03024826,4879.387943675183,25.5,60000,4.446402072906494,0.505113848391496,0.3238927272061601,7376.859775812896,36.0
274,75.67059922218323,6067.787249685319,9355.851448730455,22420.98538699709,-113.54697507533388,30.5,159.7272218029545,0.05,0.03618001937866211,0.703101634979248,0.024790391,0.03127215,4998.227874276196,30.5,60000,5.323678970336914,0.3784895149788508,0.25795918103218013,6752.592449092331,32.0
275,75.53146696090698,5906.952696062185,9192.236717444011,22500.867744670606,-81.37060556648132,30.5,161.97954574633957,0.05,0.04132437705993652,0.749657154083252,0.025131796,0.030731643,5089.1003564547955,30.5,60000,5.601777791976929,0.4674881602798283,0.342494998343167,5772.318731521602,28.0
